activity,t_start,t_end,duration_sec
wash face,1741700377.212,1741700395.183,17.97100019454956
wash face,1741947993.64,1741948018.387,24.746999979019165
