activity,t_start,t_end,duration_sec
wash hands,1741700263.996,1741700281.093,17.096999883651733
wash hands,1741947872.162,1741947886.274,14.111999988555908
