activity_idx,activity_type,activity_name,activity_t_start,activity_t_end,activity_duration_sec,baseline_t_start,baseline_t_end,baseline_duration_sec,time_gap_sec,delta_mean_hr,pct_mean_hr,delta_rmssd,pct_rmssd,delta_sdnn,pct_sdnn,delta_stress_index,pct_stress_index,delta_mean_rr_ms,pct_mean_rr_ms,delta_n_beats,pct_n_beats
0,dental_care,brush teeth,1741700301.515,1741700360.233,58.71799993515015,1741699772.876,1741699828.646,55.769999980926514,472.8690001964569,-15.737648015908881,-20.750572082379858,-752.4161217380888,-26.122961764406632,-630.2183304579539,-28.608949780724952,-10.22027972027972,-34.02397858223723,36.27232142857133,1.8807870370370319,-1.0,-5.263157894736842
1,dental_care,rinse mouth,1741700360.73,1741700376.532,15.802000045776367,1741699772.876,1741699828.646,55.769999980926514,532.0840001106262,-3.7293197856578075,-4.917222634049905,1640.5416571140258,56.95758735566251,1032.0981218980219,46.8524032246171,,,1544.0848214285713,80.06365740740739,-17.0,-89.47368421052632
2,dental_care,brush teeth,1741947901.015,1741947969.972,68.95699977874756,1741947415.027,1741947484.117,69.09000015258789,416.89800000190735,9.849320921568719,11.574234546504908,-0.7354976559709367,-6.996628935296867,-26.312854234255468,-68.0667284072857,376.1304347826087,185.86314319475775,-73.14179322429902,-10.373572889429667,11.0,11.458333333333332
3,dental_care,rinse mouth,1741947970.949,1741947992.018,21.069000005722046,1741947415.027,1741947484.117,69.09000015258789,486.83199977874756,9.974613822553948,11.721470019342368,2.348060853856163,22.33659125703192,-27.478794543685282,-71.08281102890219,608.1304347826087,300.5048877430444,-73.974609375,-10.49168975069252,-64.0,-66.66666666666666
