activity,t_start,t_end,duration_sec
resting,1741699772.876,1741699828.646,55.769999980926514
resting,1741947415.027,1741947484.117,69.09000015258789
