activity,t_start,t_end,duration_sec
sit to stand,1740481738.516,1740481763.146,24.62999987602234
stand,1740481784.013,1740481804.484,20.47099995613098
stand,1740481815.935,1740481836.37,20.43499994277954
sit to stand,1740738903.602,1740738916.289,12.687000036239624
stand,1740738915.228,1740738937.508,22.27999997138977
stand,1740738944.382,1740738966.213,21.831000089645386
stand to sit,1740738965.781,1740738990.577,24.796000003814697
