activity,t_start,t_end,duration_sec
style beard/hair,1740482198.866,1740482235.109,36.24300003051758
style beard/hair,1740739424.051,1740739483.181,59.12999987602234
