activity,t_start,t_end,duration_sec
wash hands,1740482055.652,1740482067.624,11.972000122070312
wash hands,1740739224.778,1740739285.35,60.5719997882843
