activity,t_start,t_end,duration_sec
wash face,1740482174.06,1740482185.727,11.66700005531311
wash face,1740739386.507,1740739412.926,26.419000148773193
