activity_idx,activity_name,propulsion_t_start,propulsion_t_end,propulsion_duration_sec,baseline_t_start,baseline_t_end,baseline_duration_sec,time_gap_sec,delta_mean_hr,pct_mean_hr,delta_rmssd,pct_rmssd,delta_sdnn,pct_sdnn,delta_stress_index,pct_stress_index,delta_mean_rr_ms,pct_mean_rr_ms,delta_n_beats,pct_n_beats
0,level walking,1740482585.279,1740482626.822,41.54299998283386,1740481514.22,1740481538.339,24.11899995803833,1046.9400000572205,,,,,,,,,,,,
1,slope walking,1740482634.195,1740482671.529,37.33400011062622,1740481514.22,1740481538.339,24.11899995803833,1095.8559999465942,,,,,,,,,,,,
2,slope walking,1740739846.939,1740739864.062,17.123000144958496,1740738705.842,1740738770.792,64.95000004768372,1076.146999835968,56.99123867360049,86.56595441479432,2.298674822781784,11.343818062940699,11.231478255620463,38.846378360309416,-139.9097744360902,-40.62305567987075,-422.86817671258456,-46.399652437299046,-45.0,-73.77049180327869
3,level walking,1740739863.55,1740739909.399,45.848999977111816,1740738705.842,1740738770.792,64.95000004768372,1092.7579998970032,46.237874702009165,70.23229968056819,12.166730393597408,60.042061903647514,66.01120350285069,228.3133287470769,-269.8584923848082,-78.35390061929964,-375.9977090772742,-41.25674141297236,-15.0,-24.59016393442623
4,slope walking,1740739918.345,1740739977.212,58.86699986457825,1740738705.842,1740738770.792,64.95000004768372,1147.5529999732971,24.952135154269186,37.90065709375101,-2.9545787903032874,-14.58066357087587,19.988546575777487,69.1345008629431,-175.07644110275692,-50.833760856355916,-250.478630267644,-27.484029367593553,-3.0,-4.918032786885246
